CustomerID,Predictions,Churn Probability
6614-YWYSC,No,0.0007473523692593743
9546-KDTRB,No,0.15372251040773863
0871-URUWO,Yes,0.9526639713752297
5151-HQRDG,No,0.07551681944612385
6624-JDRDS,No,0.2713752456404723
3082-VQXNH,No,0.3616652056176242
1309-XGFSN,No,0.05423845955315697
9402-ORRAH,Yes,0.6274109482328968
8663-UPDGF,No,0.0466032717349735
0455-ENTCR,No,0.009840127186459829
2038-OEQZH,Yes,0.7965778672298988
7993-PYKOF,Yes,0.6314062037625688
4361-FEBGN,No,0.009166826881295869
3898-BSJYF,No,0.01579831513031765
8869-LIHMK,No,0.10732080093498027
5482-VXSXJ,No,0.2672258713968111
9497-QCMMS,Yes,0.9869411445704555
8587-XYZSF,No,0.0037507580091344834
1902-XBTFB,Yes,0.6472690077388163
9614-RMGHA,Yes,0.6591187240811855
3551-GAEGL,No,0.02347567663271572
7463-IFMQU,No,0.0014854139821214036
5404-GGUKR,Yes,0.5911320871951773
1751-NCDLI,Yes,0.672849391773821
7394-LWLYN,Yes,0.8477202924123848
2027-DNKIV,No,0.010737878559373982
4213-HKBJO,No,0.002462544497536646
1915-OAKWD,No,0.004723467991478459
4229-CZMLL,Yes,0.7737854050141661
4640-UHDOS,Yes,0.6853064781759536
3946-JEWRQ,No,0.3203265102485184
0488-GSLFR,Yes,0.9642108867874211
4106-HADHQ,No,0.040984683249701566
8041-TMEID,No,0.020521333006548938
5863-OOKCL,No,0.12893545792677336
2740-JFBOK,No,0.08727914952583232
2823-LKABH,No,0.12173109164103987
8757-TFHHJ,No,0.4399365996368072
0230-WEQUW,No,0.0016948365308438855
7515-LODFU,No,0.002723364993670162
9048-JVYVF,No,0.46564589992945116
3274-NSDWE,No,0.0041214501037654255
0895-LNKRC,No,0.02836294128230039
2429-AYKKO,No,0.003947732470540394
6847-KJLTS,No,0.2460570082355971
9408-HRXRK,No,0.1737461601167706
5153-LXKDT,No,0.03904420230244798
8818-XYFCQ,Yes,0.6529541403549736
6358-LYNGM,Yes,0.9468122176650079
8270-RKSAP,Yes,0.7865222760309785
7909-FIOIY,No,0.05938294925088104
3161-ONRWK,No,0.005657349548925742
6311-UEUME,Yes,0.8854381222772475
4376-KFVRS,No,0.012169136576333483
5461-QKNTN,No,0.3222584619091739
1062-LHZOD,Yes,0.9275230044828523
6476-YHMGA,No,0.012960292944734522
0432-CAJZV,Yes,0.8011794788449788
6651-AZVTJ,Yes,0.5469471612119305
5348-CAGXB,Yes,0.6391919533510723
5275-SQEIZ,Yes,0.9414186428393867
1866-ZSLJM,No,0.20569788053156599
7401-RUBNK,Yes,0.5937600602175974
8580-QVLOC,Yes,0.6361561236116795
3976-HXHCE,No,0.0035836494328851678
6572-ADKRS,No,0.3767217399105785
2070-FNEXE,Yes,0.780174429992154
3262-EIDHV,No,0.007266756966129534
1755-FZQEC,No,0.0076996787616047755
8336-TAVKX,No,0.006792554981117818
2103-ZRXFN,Yes,0.5855869341936145
0784-ZQJZX,No,0.003187336490666021
3727-RJMEO,Yes,0.702844561358182
8896-RAZCR,No,0.003906595724238563
5624-BQSSA,Yes,0.6610481841763213
1328-EUZHC,No,0.0008960596923581069
1338-CECEE,No,0.004415099691724347
7033-CLAMM,No,0.007800659695502449
9739-JLPQJ,No,0.00783887419846924
2294-DMMUS,No,0.07415527466236645
3679-XASPY,No,0.37847507867958563
3088-LHEFH,Yes,0.5833720517857512
3018-TFTSU,Yes,0.802107024197757
6352-TWCAU,Yes,0.8734373051096568
9432-VOFYX,Yes,0.7880563665529721
7129-AZJDE,No,0.10631885067116217
9348-ROUAI,No,0.013990041604687444
4174-LPGTI,Yes,0.6476820151640568
4896-CPRPF,No,0.001434941440220359
4900-MSOMT,No,0.0017315426289404021
3723-BFBGR,No,0.18700850727741375
6718-BDGHG,No,0.00821912056265889
3045-XETSH,Yes,0.7093127663385039
3275-RHRNE,No,0.04418489740658043
8012-SOUDQ,Yes,0.6106691002342113
7083-MIOPC,No,0.0023817263567124155
7508-KBIMB,No,0.03516953919532944
1304-BCCFO,No,0.1817098995130558
2720-FVBQP,No,0.4471302090957239
6174-NRBTZ,No,0.030732281365512544
0780-XNZFN,No,0.03415661347500923
0324-BRPCJ,No,0.2762362367124258
7826-VVKWT,No,0.0771530739041617
8436-BJUMM,Yes,0.5291427660811978
4727-MCYZG,No,0.4965144883602021
0401-WDBXM,No,0.027719455537536047
9369-XFEHK,Yes,0.6880372602608071
4835-YSJMR,No,0.005351464880526616
7354-OIJLX,Yes,0.7956009745000076
4032-RMHCI,No,0.010141842933557674
0670-ANMUU,No,0.1884567345355093
8966-OIQHG,No,0.015692748747370505
3071-MVJCD,No,0.0019063970994112798
9290-SHCMB,Yes,0.7687070145696279
3696-DFHHB,No,0.0011532973790521225
4146-SVFUD,Yes,0.6867488950020183
0505-SPOOW,No,0.002422302018088815
6152-ONASV,No,0.007237108965030736
0117-LFRMW,Yes,0.667008148140542
9938-PRCVK,No,0.004915045059239908
0221-WMXNQ,No,0.48787521154773894
7228-OMTPN,Yes,0.8691828668200026
6749-UTDVX,No,0.082844658898101
9801-NOSHQ,No,0.0013560175804221888
8007-YYPWD,No,0.0023538135191207635
2817-NTQDO,No,0.15352775485157852
2732-ISEZX,No,0.12657818775645485
2361-UPSND,No,0.015848876967395696
4198-VFOEA,No,0.009504748707474614
2122-SZZZD,No,0.0350797192869538
8756-RDDLT,No,0.04593663272034354
4800-VHZKI,Yes,0.6718393350696078
0219-QAERP,No,0.01459100246093951
3058-HJCUY,No,0.4780214818740245
9185-TQCVP,Yes,0.8418224139844247
0060-FUALY,No,0.3507819406248358
4299-OPXEJ,No,0.0040979154852019105
4706-AXVKM,Yes,0.8718365284633129
2651-ZCBXV,No,0.2259406058597382
6784-XYJAE,No,0.04888397593702129
9227-UAQFT,No,0.0009511152675143896
0942-KOWSM,No,0.008918421207400865
7128-GGCNO,No,0.33037193423009603
3099-OONVS,No,0.1802609434445143
7130-VTEWQ,Yes,0.7509173631797192
4981-FLTMF,No,0.010602448041171844
8628-MFKAX,No,0.006424158706597283
9112-WSNPU,No,0.3568372066736788
5692-FPTAH,Yes,0.7836013340890862
8185-UPYBR,Yes,0.749472340701476
3887-PBQAO,No,0.002909445386110002
4706-DGAHW,Yes,0.7295562746174395
8398-TBIYD,No,0.010415667349183165
2314-TNDJQ,No,0.002693623344613423
7511-YMXVQ,Yes,0.8074409277395813
4908-XAXAY,No,0.0394314913763621
6633-SYEUS,No,0.08578642274654637
6745-JEFZB,No,0.21599975469943347
8740-XLHDR,No,0.3660939967210651
0637-UBJRP,Yes,0.6826579647145651
7605-SNLQG,No,0.1209294066209386
7077-XJMET,No,0.19627270492757493
2569-WGERO,No,0.0007409589898257398
9629-NHXFW,Yes,0.5543199544159456
3714-XPXBW,No,0.025688439902119095
3572-UUHRS,No,0.04901288814914903
2344-JMOGN,Yes,0.9102938712995089
0125-LZQXK,Yes,0.757836650689201
4910-GMJOT,Yes,0.9861007207765191
1845-CSBRZ,No,0.07934176466685497
9878-TNQGW,Yes,0.9430906699875067
3915-ODIYG,No,0.025122475013612776
1025-FALIX,No,0.49316490990897316
5312-TSZVC,No,0.002175186882144445
9500-LTVBP,No,0.4545430573157326
6661-HBGWL,Yes,0.8054012079789296
6968-URWQU,No,0.04525775228227103
6688-UZPWD,Yes,0.9095346953470227
2911-IJORQ,No,0.021832998768756225
3096-YXENJ,No,0.19491211155470467
7593-XFKDI,Yes,0.7439194142996447
9578-VRMNM,Yes,0.6492047105835878
8039-ACLPL,No,0.0023954191425673513
4367-NHWMM,Yes,0.6862068004540711
7880-XSOJX,No,0.22523298470382222
9499-XPZXM,No,0.005108014653891724
8496-DMZUK,No,0.02462683202322774
2135-DQWAQ,No,0.261867223246397
9391-LMANN,No,0.011601739022327898
0612-RTZZA,Yes,0.9536859677634146
3656-TKRVZ,Yes,0.6272113550387685
7952-OBOYL,Yes,0.5079575096979894
2452-KDRRH,Yes,0.816684415099398
6064-PUPMC,No,0.024596562841408307
4751-ERMAN,No,0.011617434043974119
2320-SLKMB,No,0.04861953556663782
2176-LVPNX,No,0.003312761648594038
7691-XVTZH,No,0.0419787437964719
1618-CFHME,Yes,0.8967120066643902
1897-OKVMW,No,0.0014408590520967213
4623-ZKHLY,No,0.044379604018503986
8329-UTMVM,No,0.04107042939082049
3413-DHLPB,No,0.13269113229320265
3401-URHDA,No,0.041199364586061285
8837-VVWLQ,Yes,0.8522518023073027
1077-HUUJM,Yes,0.6355503154432607
1089-XZWHH,No,0.011692812796449627
0835-DUUIQ,No,0.01645792088631959
3269-ATYWD,Yes,0.7836283648729672
7075-BNDVQ,No,0.21960884018678037
9766-HGEDE,No,0.004164844004696346
2706-QZIHY,No,0.0017476625404848354
0707-HOVVN,No,0.008015936696650941
7594-RQHXR,Yes,0.9069678346973067
0020-JDNXP,No,0.011742795505718696
6985-HAYWX,No,0.26697853318874804
2400-FEQME,No,0.0011670587442620573
1173-NOEYG,Yes,0.5958164278403869
0980-FEXWF,No,0.014823208158759663
8149-AIQCG,Yes,0.5867086389517369
6927-WTFIV,Yes,0.5800542360218217
4104-PVRPS,No,0.08190294846004252
8871-JLMHM,No,0.025262336569934037
7503-QQRVF,Yes,0.5351536006144335
8040-MNRTF,Yes,0.9561738536319505
3181-VTHOE,No,0.04381490241678406
6161-UUUTA,Yes,0.8476800896582601
5480-TBGPH,Yes,0.6867761654214634
4718-WXBGI,No,0.003377033806521027
2465-BLLEU,Yes,0.6688944753597044
7605-BDWDC,No,0.002279767367820566
1024-GUALD,Yes,0.8718633479321387
7103-IPXPJ,No,0.09632842777572731
3654-ARMGP,No,0.003619781742356967
7206-PQBBZ,No,0.4570888522666795
4537-DKTAL,Yes,0.8871746792548516
8659-HDIYE,No,0.12021226979425187
4654-GGUII,No,0.006028860601226932
3284-SVCRO,No,0.0026584111193337532
8734-FNWVH,No,0.08603070141093035
4018-PPNDW,No,0.0066419426577880355
6360-SVNWV,No,0.29435367150462366
5821-MMEIL,No,0.010356186360510555
1174-FGIFN,No,0.06910201344860362
7349-ALMUX,No,0.008338628934852245
7047-FWEYA,No,0.16597237661184258
9967-ATRFS,No,0.035483186975033616
8838-GPHZP,No,0.010445158743995679
5736-YEJAX,No,0.0018873529226310236
6668-CNMFP,No,0.029191445483012134
0410-IPFTY,Yes,0.643998608349583
1763-KUAAW,No,0.00585986814300814
0440-QEXBZ,No,0.06183284403374448
1363-TXLSL,Yes,0.8681156027308129
3027-ZTDHO,Yes,0.9538079261645991
4718-DHSMV,Yes,0.7011810017648689
9746-UGFAC,No,0.019278838785418872
5016-IBERQ,Yes,0.5044196867459918
2402-TAIRZ,No,0.04271683488993693
9674-EHPPG,No,0.010939204032976537
4425-OWHWB,No,0.005476355364643107
9637-EIHEQ,Yes,0.7038692653489815
5320-BRKGK,No,0.004248234512056759
5149-QYTTU,No,0.012364251380239139
2065-MMKGR,No,0.12488191627060877
1265-ZFOSD,No,0.001424141274059352
8473-VUVJN,Yes,0.9224069412079436
1349-WXNGG,Yes,0.6658717750165637
7781-EWARA,No,0.018763997803122903
5546-QUERU,No,0.003859451929030394
4628-CTTLA,Yes,0.7347066177258698
4884-TVUQF,No,0.007693734702028853
2587-YNLES,No,0.005010615493372104
0230-UBYPQ,No,0.008290689703525688
6979-TNDEU,No,0.16342394499675997
1208-DNHLN,Yes,0.5179522875465676
5777-KJIRB,No,0.026339292639644993
0603-TPMIB,No,0.0009574307977312583
1133-KXCGE,No,0.0016438375189396352
8563-OYMQY,Yes,0.6183486393317147
6769-DYBQN,Yes,0.762146440493515
1159-WFSGR,No,0.13611375820152177
0921-OHLVP,Yes,0.6058318358228221
6418-PIQSP,No,0.0034648804626530383
9200-NLNPD,No,0.07756409994963825
4795-KTRTH,Yes,0.7698741100725062
8218-FFJDS,No,0.0015864393214274546
6410-LEFEN,Yes,0.8166459271155422
0052-DCKON,No,0.3189496727381718
6635-CPNUN,Yes,0.6784860939029694
4355-CVPVS,No,0.19315067440714115
4237-RLAQD,Yes,0.7966553877901893
2034-CGRHZ,Yes,0.861639335177381
4807-IZYOZ,No,0.04172030403888221
5949-EBSQK,Yes,0.8297125462811458
4500-HKANN,No,0.008203335681998724
8812-ZRHFP,No,0.13898588153021738
3712-PKXZA,No,0.006683501730170972
8174-LNWMW,No,0.0025143983818491293
6502-MJQAE,Yes,0.9633298654075677
0031-PVLZI,No,0.17735229687770115
7901-HXJVA,Yes,0.6972013904850362
5802-ADBRC,No,0.05313559289224684
3453-RTHJQ,Yes,0.6939668379890283
2189-WWOEW,No,0.4677768550468468
9378-FXTIZ,No,0.20662558687910337
1320-REHCS,No,0.08835132372858584
4817-VYYWS,Yes,0.7178498938939326
5896-NPFWW,Yes,0.8064299628044345
5012-YSPJJ,No,0.05682778023070247
3445-HXXGF,Yes,0.730989718526723
9880-TDQAC,No,0.020859692141557522
3426-NIYYL,Yes,0.7736423996265209
3800-LYTRK,No,0.01510925664224299
2982-IHMFT,Yes,0.8610527758721671
1599-EAHXY,No,0.001817412409598645
8779-YIQQA,No,0.0027922161181782837
1932-UEDCX,Yes,0.6449066847624816
8079-XRJRS,No,0.15204111625163672
3740-RLMVT,No,0.014245183981625751
8058-JMEQO,Yes,0.8530084124280471
5315-CKEQK,No,0.05574096638979777
6088-BXMRG,No,0.33842970717617277
9625-QNLUX,No,0.01855129768315696
0975-UYDTX,No,0.02276250489238668
7963-GQRMY,No,0.266197803081101
7480-SPLEF,No,0.0001390146729819859
5119-KEPFY,Yes,0.6268362837805189
4568-KNYWR,No,0.007670866589201801
2522-WLNSF,No,0.007428555580385245
9101-BWFSS,Yes,0.7123637406109312
4079-VTGLK,No,0.04614679221000542
5115-SQAAU,No,0.00012322911862169966
6892-EZDTG,Yes,0.8106083681670403
6736-DHUQI,No,0.021852028367350302
3677-TNKIO,Yes,0.8564066964326715
6532-YLWSI,No,0.20465403755383654
1162-ECVII,No,0.08587153602345751
5310-NOOVA,No,0.0324890706886825
4817-KEQSP,No,0.0011964152916815875
5175-WLYXL,No,0.2869335526737136
7126-RBHSD,Yes,0.6104930803799029
5959-BELXA,Yes,0.9036377117405827
8990-ZXLSU,Yes,0.6630672734231599
6510-UPNKS,No,0.01225883930980955
8313-AFGBW,No,0.044876978790388676
5394-MEITZ,No,0.0019930241032708397
9074-KGVOX,No,0.046470726696800475
6425-YQLLO,Yes,0.528624159369161
1409-PHXTF,No,0.07901885470902069
7010-BRBUU,No,0.00013650532747947632
5919-TMRGD,Yes,0.9149823318414152
6145-NNPNO,Yes,0.7459287747262955
5840-NVDCG,No,0.013249966535158902
0708-SJDIS,No,0.07445174615895196
0923-PNFUB,Yes,0.6931425255291543
8637-XJIVR,Yes,0.5263907798356225
5956-VKDTT,Yes,0.563388154729658
6905-NIQIN,Yes,0.599266102013027
9693-XMUOB,No,0.09989258503665278
5998-VVEJY,Yes,0.6678560430260695
7814-LEEVE,Yes,0.5854558156998233
3324-OIRTO,No,0.04602900694873912
3498-LZGQZ,No,0.006210694833330229
7010-ZMVBF,No,0.04686267232676562
5433-KYGHE,No,0.4274163637281766
5312-IRCFR,No,0.04311845546820378
6284-KMNUF,No,0.11812661867043842
8319-QBEHW,No,0.025797049235260185
7054-DMVAS,No,0.004500147838025226
7055-HNEOJ,No,0.19831467838746453
0822-GAVAP,Yes,0.9484276383662004
2190-BCXEC,No,0.15471245346506837
0431-APWVY,Yes,0.5933395951075013
9927-DSWDF,No,0.19863077598204015
4656-CAURT,No,0.001369227934667102
4353-HYOJD,No,0.07266937920303482
1866-DIOQZ,No,0.00489491901170874
0654-PQKDW,No,0.009262094785415448
1724-IQWNM,No,0.33453627382894724
7696-CFTAT,No,0.003866016055710831
1264-FUHCX,No,0.27377016209174476
6128-AQBMT,No,0.24190414988944134
1110-KYLGQ,No,0.21499905993991567
0378-NHQXU,Yes,0.7960682309737185
1725-MIMXW,No,0.3647088552684506
3005-NFMTA,Yes,0.6618042695770318
4704-ERYFC,Yes,0.6022984856675351
2834-JKOOW,No,0.007553091169909504
5186-PEIZU,No,0.1365858080171237
5356-RHIPP,Yes,0.6865339439248204
4115-UMJFQ,No,0.01700926371705998
0621-HJWXJ,No,0.21880745366316667
5443-SCMKX,No,0.07980352658395296
8042-RNLKO,No,0.008333710026538859
3524-WQDSG,No,0.42894115113735476
9754-CLVZW,No,0.05941083086045042
2530-FMFXO,No,0.05405420415705915
4989-LIXVT,No,0.12865580111939426
8930-XOTDP,No,0.1981466510394391
9259-PACGQ,No,0.4863454610100132
4282-ACRXS,No,0.39278499339361006
4854-SSLTN,No,0.018457905478847996
0056-EPFBG,No,0.003971743599747276
9289-LBQVU,No,0.013841892427818732
1004-NOZNR,No,0.04349932744689286
7695-PKLCZ,No,0.004320627646831001
0365-BZUWY,Yes,0.6401283739783638
5970-GHJAW,No,0.001042788017919203
3957-LXOLK,Yes,0.6815973541975966
8450-JOVAH,Yes,0.7132445169621536
3571-RFHAR,No,0.3780136023468428
6413-XKKPU,Yes,0.7377005381141315
7921-LMDFQ,No,0.23205874162707044
1215-FIGMP,No,0.38257851428526396
4652-NNHNY,Yes,0.6911229374767023
2956-GGUCQ,Yes,0.6147398764389252
6629-CZTTH,Yes,0.5868068373501012
3429-IFLEM,No,0.003857484789516318
2927-CVULT,No,0.013796252751952065
6620-JDYNW,No,0.06090717494227551
6465-GSRCL,No,0.06726691735228688
1374-DMZUI,Yes,0.9355116357085794
5016-ETTFF,Yes,0.6880034020516923
2208-NKVVH,No,0.002220183723664595
3503-TYDAY,No,0.40582269253091025
5110-CHOPY,No,0.013687130094966547
0231-LXVAP,Yes,0.8426084353751777
1579-KLYDT,Yes,0.7805280552563681
4183-MYFRB,Yes,0.5384294577395348
5047-LHVLY,Yes,0.8901312004268537
5399-ZIMKF,Yes,0.6063607643269614
8670-MEFCP,No,0.0053350802005131094
2634-HCZGT,Yes,0.7280820890978614
0723-DRCLG,Yes,0.8726686426920838
0440-UEDAI,No,0.07009948007282818
5120-ZBLAI,No,0.06687100600959914
3763-GCZHZ,No,0.19548862252734517
8510-TMWYB,No,0.0016646530465669579
6506-EYCNH,No,0.01532211812679356
8229-TNIQA,Yes,0.5952981766041157
4361-BKAXE,Yes,0.5781862451296447
5018-LXQQG,No,0.045843310478797195
1768-ZAIFU,Yes,0.96443529207076
4176-FXYBO,No,0.20972044724566835
8148-WOCMK,No,0.004623571961580809
7740-BTPUX,No,0.07461111669319492
5799-JRCZO,No,0.010210871097113366
6869-FGJJC,No,0.04592896389768836
0508-OOLTO,Yes,0.6237434253847197
7435-ZNUYY,No,0.004889737050413585
5899-MQZZL,Yes,0.6110094392205192
1676-MQAOA,No,0.0019690907948821815
2085-BOJKI,No,0.41335488420709526
9947-OTFQU,Yes,0.7090919691910075
9776-OJUZI,No,0.11691696339453692
5567-GZKQY,No,0.014338045448823743
4098-NAUKP,No,0.16510552316362484
9795-SHUHB,No,0.006851359565181723
2988-GBIVW,No,0.05270870492291525
3665-JATSN,No,0.2671886479899798
6576-FBXOJ,No,0.05115769546034985
5590-BYNII,Yes,0.7864482137165371
7064-FRRSW,No,0.19803088614596628
7820-ZYGNY,No,0.14542009660066715
7159-NOKYQ,No,0.02076992621114499
5481-NTDOH,No,0.19548416626402076
2143-LJULT,No,0.00019576458744638165
4132-KALRO,Yes,0.9259628319222204
0635-WKOLD,No,0.013554003019487094
2369-UAPKZ,No,0.11834173477034196
4811-JBUVU,No,0.3282267065417192
0201-OAMXR,Yes,0.8649580512946543
7980-MHFLQ,No,0.0005743158698362909
9752-ZNQUT,Yes,0.5570061728586365
3722-WPXTK,Yes,0.9425442929178103
9845-PEEKO,No,0.024057944822011217
1625-JAIIY,Yes,0.6928447195963165
9651-GTSAQ,Yes,0.5760765398344245
4480-QQRHC,Yes,0.6839933320878646
2272-UOINI,No,0.08548251038536679
2308-STERM,No,0.30564702684610584
3079-BCHLN,No,0.07436540237147755
0139-IVFJG,No,0.07356583607742195
3404-JNXAX,No,0.12454061993528133
7799-DSEWS,No,0.09000275227652323
8859-DZTGQ,No,0.0036415581708279634
9087-EYCPR,No,0.009977983872451612
0164-APGRB,No,0.02311602679983824
0623-GDISB,No,0.2293764476846891
5939-SXWHM,No,0.0009169134651968777
4323-SADQS,Yes,0.6275985823873509
3785-KTYSH,No,0.014311748214795276
4785-QRJHC,Yes,0.8376252594239664
1877-HKBQX,No,0.01578205155186986
4929-XIHVW,Yes,0.9601704008463524
0409-WTMPL,No,0.31429176866072367
1796-JANOW,No,0.41082203041371845
1459-QNFQT,No,0.0012259648621497524
2969-WGHQO,No,0.01037708945044854
9637-CDTKZ,No,0.017541355605928913
1935-IMVBB,Yes,0.588827025088995
4024-CSNBY,No,0.007850630796889213
8434-PNQZX,No,0.009832845385717623
6179-GJPSO,No,0.3352136575587907
7542-CYDDM,No,0.0448371221115949
0215-BQKGS,No,0.4949269911608883
2519-TWKFS,No,0.016930845021960846
7426-RHZGU,No,0.40664789213138236
9959-WOFKT,No,0.026869879289577434
9803-FTJCG,No,0.004078954091172816
0310-SUCIN,No,0.005205767163581057
1697-BCSHV,No,0.04210591460706219
2481-SBOYW,No,0.0013500984215785775
9167-APMXZ,Yes,0.5996863256323309
1208-NBVFH,No,0.276892844724541
9534-NSXEM,No,0.011002468588074297
5060-TQUQN,No,0.11557987027814215
2074-GKOWZ,Yes,0.944225416574582
2055-SIFSS,No,0.05225915545717883
8039-EQPIM,No,0.0038983550215475073
2506-TNFCO,Yes,0.9120149186439707
0732-OCQOC,No,0.0004177830090716844
0329-GTIAJ,Yes,0.851702896795788
3653-NCRDJ,No,0.019550120624368898
7029-RPUAV,Yes,0.8236534397866555
3205-MXZRA,No,0.0289289941045022
7394-FKDNK,Yes,0.8615533479348316
6233-HXJMX,Yes,0.577186806665131
0481-SUMCB,No,0.36002373195385196
8383-SGHJU,No,0.03653662920544529
4350-ZTLPI,No,0.2673204804867692
8433-WPJTV,No,0.059426376897002406
7486-KSRVI,Yes,0.5477776798661379
1436-ZMJAN,No,0.20677049352876617
5266-PFRQK,No,0.0034759985215640464
9530-EHPOH,Yes,0.6539024306395842
8063-GBATB,Yes,0.8060277383314026
4873-ILOLJ,Yes,0.8671361658268099
2868-MZAGQ,Yes,0.972529947479813
6067-NGCEU,No,0.28783385196339334
5043-TRZWM,Yes,0.939398433472969
5989-AXPUC,No,0.008807951953666
5937-EORGB,No,0.3166474997364865
7541-YLXCL,Yes,0.5666222241299702
7878-JGDKK,No,0.47971747164371237
1370-GGAWX,No,0.0573604195343207
7410-KTVFV,No,0.31200229641089294
3780-DDGSE,No,0.025246199384910593
4742-TXUEX,No,0.004674245319719871
4879-GZLFH,No,0.22669960763100283
6124-ACRHJ,Yes,0.6492798731599677
3166-PNEOF,No,0.004989941675946847
6384-VMJHP,No,0.006034336593997813
7998-ZLXWN,No,0.3131505277504881
8640-SDGKB,Yes,0.5611062236700931
8084-OIVBS,No,0.0035140500884598418
1769-GRUIK,Yes,0.7511525239200774
4553-DVPZG,Yes,0.5778047993322597
2905-KFQUV,Yes,0.6680057814134285
4526-ZJJTM,No,0.1153184478589357
6215-NQCPY,Yes,0.7684726161896979
3649-JPUGY,No,0.0027551591112219965
3703-TTEPD,No,0.06318609590271257
0971-QIFJK,No,0.0005184259491328504
2669-OIDSD,No,0.28013636026897354
7595-EHCDL,No,0.08438747988433745
3701-SFMUH,No,0.13977694829791082
3585-YNADK,No,0.0030484576079097036
0516-VRYBW,No,0.022658821053326717
4307-KWMXE,No,0.19054686791446862
2868-SNELZ,Yes,0.7816971062119213
2468-SJFLM,Yes,0.6115801545660878
5792-JALQC,No,0.012133508341684095
7321-PKUYW,Yes,0.7492656172390794
3638-WEABW,No,0.00772259338170349
8290-YWKHZ,Yes,0.6593459260383205
7159-FVYPK,No,0.23049576259987936
3838-OZURD,Yes,0.8168444421553674
7526-BEZQB,Yes,0.9313471466796956
5204-QZXPU,Yes,0.8140396619921488
6265-SXWBU,No,0.1710238879863534
0380-ZCSBI,No,0.37038317788134534
1641-RQDAY,No,0.19184293541062067
0621-TWIEM,Yes,0.7612795814157104
2612-PHGOX,No,0.001297841586820522
3694-DELSO,No,0.09722329824469121
6479-SZPLM,No,0.0007309870466464986
7743-EXURX,Yes,0.6837364254962478
5222-IMUKT,Yes,0.6834502404334264
2933-FILNV,No,0.4479629564446679
9648-BCHKM,No,0.0024741278731061156
9257-AZMTZ,No,0.00960001244903211
7964-YESJC,No,0.0374545904281727
5501-TVMGM,Yes,0.7609105298353376
8295-FHIVV,No,0.1264143094822861
2754-SDJRD,Yes,0.8899706285085152
7296-PIXQY,No,0.41280047286237576
2592-HODOV,No,0.011072295068167334
2931-SVLTV,No,0.11699474613927768
5297-MDOIR,No,0.037071195329747925
5453-AXEPF,No,0.4572642877216753
0168-XZKBB,Yes,0.7125707698994046
5392-AKEMH,Yes,0.6549842124060257
0804-YGEQV,No,0.0021423618147969506
9492-TOKRI,Yes,0.755244310239421
4163-KIUHY,No,0.06217697985106158
8708-XPXHZ,Yes,0.6348694783502066
2863-IMQDR,No,0.003928128280670496
2237-ZFSMY,Yes,0.7075719205099277
3744-ZRRDZ,Yes,0.8284703242731715
3645-DEYGF,No,0.4917118944566735
6762-QVYJO,No,0.002663821206133119
5868-YTYKS,No,0.36983746583391724
9814-AOUDH,No,0.019649768776890293
8515-OCTJS,No,0.0017354353202274357
6872-HXFNF,No,0.005799728267147059
5673-FSSMF,Yes,0.8353657617194581
3223-DWFIO,Yes,0.6923708833364431
6637-KYRCV,No,0.2751312323378905
2270-CHBFN,No,0.09208749994470863
7774-OJSXI,Yes,0.5426422379354745
5318-IXUZF,Yes,0.7910951648193619
2223-GDSHL,No,0.04325836846316893
6479-VDGRK,No,0.0019158070577767565
4114-QMKVN,No,0.008542363656224456
5474-LAMUQ,No,0.0031332866008049205
5445-GLVOT,No,0.45355609959324544
2616-UUTFK,No,0.017972087741184927
7609-YBPXG,No,0.0025571745996664725
6100-FJZDG,No,0.002581872836781445
6890-PFRQX,No,0.05114042672328423
3776-EKTKM,Yes,0.96615101754732
4547-LYTDD,Yes,0.7302197561711988
7312-XSBAT,No,0.34375330770222073
2595-KIWPV,No,0.002698182273628298
3473-XIIIT,Yes,0.7431873095695631
3057-VJJQE,No,0.002250582140852251
9445-SZLCH,Yes,0.6052146216979835
3990-QYKBE,Yes,0.587744171491428
4676-MQUEA,No,0.0342576071479531
0076-LVEPS,No,0.011996832348020972
7206-GZCDC,Yes,0.9538614562940889
4849-PYRLQ,No,0.004772665045789404
6015-VVHHE,Yes,0.8841525033827615
1389-WNUIB,No,0.00694473578729717
6147-CBCRA,No,0.053982246820015
4676-WLUHT,No,0.00757742427124453
0440-EKDCF,No,0.007162156598734988
7167-PCEYD,No,0.008025299980053547
5456-ITGIC,No,0.004558229430881871
4195-PNGZS,No,0.0002587138815354896
1306-RPWXZ,No,0.014048341993842044
2851-STERV,No,0.07616945221481161
5502-RLUYV,Yes,0.8016320412780474
7279-BUYWN,No,0.27939138050875717
8331-ZXFOE,No,0.02354061072667235
1122-JWTJW,Yes,0.8912314895308198
7531-GQHME,No,0.4470699458176983
2804-ETQDK,No,0.004642191505423518
5816-SCGFC,No,0.4096171415862495
0442-ZXKVS,No,0.09253771096307238
4277-BWBML,No,0.0009466345516714925
7599-FKVXZ,Yes,0.7457233183836237
0388-EOPEX,Yes,0.607823726625464
5651-CPDND,No,0.40442398249287825
5089-IFSDP,No,0.45174429655648213
7102-JJVTX,No,0.04474577157107888
3707-LRWZD,Yes,0.6830908277563104
5955-EPOAZ,No,0.11350112087473957
7516-GMHUV,No,0.07376754926713247
8727-JQFHV,No,0.0012838535474073867
2332-TODQS,No,0.03938714287963032
1450-SKCVI,Yes,0.7210950249802605
0639-TSIQW,Yes,0.820988915293252
8626-PTQGE,No,0.0026969150609864006
4816-LXZYW,Yes,0.7257274519110161
8752-IMQOS,No,0.04137374144606674
6946-LMSQS,Yes,0.7430065926833661
6326-MTTXK,Yes,0.7985543780280756
3707-GNWHM,Yes,0.8866311981801915
1602-IJQQE,Yes,0.8736844956940288
5906-DVAPM,No,0.005242231990534027
2722-JMONI,Yes,0.7706918012341891
6223-DHJGV,No,0.02152758289247168
0585-EGDDA,No,0.3224688093107175
3146-JTQHR,No,0.06688769791208853
3068-OMWZA,Yes,0.9684402617371266
9938-EKRGF,No,0.02570282629498902
7105-MXJLL,No,0.03355752822395853
1984-FCOWB,Yes,0.6633603286565809
2796-NNUFI,No,0.01310687230746123
6789-HJBWG,No,0.2388296468971078
9283-LZQOH,Yes,0.6560418481290766
7596-LDUXP,No,0.06334463700361376
6616-AALSR,No,0.09293842213691578
8878-HMWBV,Yes,0.8202515591732662
3043-SUDUA,No,0.20913127412990395
8919-FYFQZ,No,0.2475146437039013
1660-HSOOQ,Yes,0.8854620305469034
3569-EDBPQ,No,0.3067645104520606
7255-SSFBC,No,0.06556863290192876
1194-BHJYC,No,0.017435928460013874
6849-WLEYG,Yes,0.6152296284154044
6981-TDRFT,No,0.04996275587674779
8028-PNXHQ,No,0.0001474288907196343
4182-BGSIQ,No,0.09467083838917714
1502-XFCVR,Yes,0.5531481441560795
6960-HVYXR,Yes,0.9617146065255038
3726-TBHQT,No,0.04567606524571956
9564-KCLHR,Yes,0.5767878233121745
1840-BIUOG,No,0.10326532062469079
9885-CSMWE,Yes,0.9640788089570788
3589-PPVKW,No,0.30602951571675313
2521-NPUZR,No,0.008397792759748895
9640-ZSLDC,No,0.05402862601810664
4801-KFYKL,No,0.23033829431501235
6505-OZNPG,No,0.009333281234653166
4189-NAKJS,No,0.12458305112609368
2452-SNHFZ,Yes,0.6469463385809834
3541-ZNUHK,No,0.12275096731254224
7632-MNYOY,Yes,0.7180737166984921
6302-JGYRJ,Yes,0.7311528510183994
1422-DGUBX,No,0.07547487078344733
5458-CQJTA,No,0.0018150112164604325
4193-ORFCL,Yes,0.6878968414603538
2439-QKJUL,No,0.267052892938185
0820-FNRNX,No,0.09958547475858504
3486-KHMLI,No,0.009600008761740872
5146-YYFRZ,No,0.008320768920023829
6873-UDNLD,No,0.22173382681144774
5893-KCLGT,No,0.0026323868106352885
7377-DMMRI,Yes,0.6833711241603817
6496-SLWHQ,Yes,0.95125973440858
8109-YUOHE,No,0.004558266224205598
9896-UYMIE,No,0.3491900448470262
1131-SUEKT,No,0.04377169188108892
2931-FSOHN,No,0.1629208396005856
7446-SFAOA,No,0.004548050423975608
7825-ECJRF,Yes,0.8613628490375222
7560-QRBXH,No,0.005998757625919415
3518-PZXZQ,No,0.36736334940522525
2826-DXLQO,No,0.16034684690473747
0516-UXRMT,No,0.04599603064718912
7587-AOVVU,No,0.38838453385498795
8859-AXJZP,No,0.05957834775656138
4662-EKDPQ,Yes,0.8519687372663812
2839-RFSQE,No,0.45599594543146355
6362-QHAFM,No,0.38880492018159
6298-QDFNH,Yes,0.7277459935795035
7586-ZATGZ,Yes,0.8114391008743038
6559-RAKOZ,No,0.08033805646926344
4566-QVRRW,Yes,0.5375226161640136
8931-GJJIQ,Yes,0.8804626126222106
5377-NDTOU,No,0.002476071853965742
3170-GWYKC,No,0.1622369670733366
3808-HFKDE,Yes,0.5998497813374903
1352-HNSAW,No,0.021505766102571454
1455-HFBXA,No,0.01548989841121859
1951-IEYXM,No,0.002382809913831279
1237-WIYYZ,No,0.03994927844632401
0018-NYROU,Yes,0.6190375937425564
4393-GEADV,No,0.04133889219640769
8582-KRHPJ,No,0.0626075007300693
0885-HMGPY,No,0.003663046364777648
0916-KNFAJ,No,0.009981339629584569
4877-EVATK,Yes,0.6362227424585426
9442-JTWDL,No,0.011794371935868225
9938-ZREHM,No,0.021540825508092516
6425-JWTDV,No,0.0031130582683371556
1271-SJBGZ,No,0.11729902754477331
9489-DEDVP,No,0.0019213620377391029
5707-ORNDZ,Yes,0.6524358710684074
3085-QUOZK,Yes,0.6930988105420132
8821-XNHVZ,Yes,0.8835337571791491
2832-KJCRD,Yes,0.5311142390060496
9494-MRNYX,Yes,0.788551334886447
6297-NOOPG,No,0.1603088400004497
6704-UTUKK,No,0.28409307609024526
1307-TVUFB,No,0.3326092781570196
4335-UPJSI,No,0.0008471344643299432
8490-BXHEO,Yes,0.5200428398120589
5376-PCKNB,No,0.0761113608408979
1421-HCERK,No,0.4118699309080909
6288-CHQJB,No,0.007360902251440623
1265-HVPZB,No,0.03311132676593616
4550-VBOFE,No,0.3978687637164201
6461-SZMCV,No,0.0018532799557522742
2418-TPEUN,No,0.0005893659494007359
9866-QEVEE,Yes,0.8292006657298011
6917-YACBP,No,0.05343211810665696
5016-LIPDW,No,0.0031077480756193667
0625-AFOHS,No,0.0009457399462957796
3612-YVGSJ,No,0.00015000866827708444
7748-UMTRK,No,0.23697080039798304
8680-CGLTP,No,0.030434487225190255
8992-OBVDG,No,0.14792243111507658
2808-CHTDM,No,0.004316932927714252
6483-OATDN,No,0.24648533383508756
2967-MXRAV,No,0.06384550969990359
3948-FVVRP,No,0.37563305050840906
9685-WKZGT,Yes,0.7997862731710393
6907-CQGPN,No,0.22223831071816966
3580-HYCSP,No,0.027939033996984063
1480-IVEVR,No,0.03934272329245857
2363-BJLSL,No,0.028152149213040933
9000-PLFUZ,No,0.03112933644321349
6556-DBKZF,No,0.014143155785577198
4567-AKPIA,No,0.2388227250251614
4232-JGKIY,No,0.47197400550571833
3936-QQFLL,No,0.43224551174029785
9692-TUSXH,Yes,0.8305044832345555
0804-XBFBV,No,0.4376605519402904
7173-TETGO,No,0.005151355698445987
2330-PQGDQ,No,0.028413268971772123
1396-QWFBJ,Yes,0.551148141707835
6380-ARCEH,Yes,0.6440578137119441
4951-UKAAQ,Yes,0.7504210030964782
7868-TMWMZ,No,0.046922412034394075
3354-OADJP,No,0.010919641853512017
8384-FZBJK,Yes,0.5537509838515543
4403-BWPAY,No,0.008813406199230591
2545-EBUPK,Yes,0.906416288931496
2482-CZGBB,Yes,0.758535774794257
1493-AMTIE,Yes,0.5101043547370608
6370-ZVHDV,No,0.000639429480266924
5671-RQRLP,No,0.01576514422855837
3995-WFCSM,No,0.4555139097546657
1415-YFWLT,Yes,0.9308921763668474
8590-OHDIW,No,0.002220364391378495
5931-FLJJF,Yes,0.6694621355964726
4250-WAROZ,No,0.035892659297715956
8805-JNRAZ,No,0.2940134789854125
2034-GDRCN,Yes,0.9278116178870488
9552-TGUZV,No,0.28113827991285173
2659-VXMWZ,No,0.0627684984057732
2108-XWMPY,Yes,0.8030975584981315
7956-XQWGU,No,0.04664021558547359
4957-TREIR,No,0.07127162311525727
8944-AILEF,No,0.1101394125251526
1522-VVDMG,Yes,0.7863288793706028
2081-KJSQF,Yes,0.665929858752073
1862-QRWPE,No,0.007569603581188716
2996-XAUVF,No,0.032742797028591855
6685-XSHHU,No,0.00047008631465167417
1991-VOPLL,No,0.13966101831023378
5561-NWEVX,Yes,0.8214257875217522
0032-PGELS,No,0.4932592184252034
0328-GRPMV,Yes,0.9465995263301897
4001-TSBTV,No,0.1379685811242439
5202-IVJNU,Yes,0.7376579672187593
8752-GHJFU,No,0.005844642182620449
2749-CTKAJ,No,0.0026053933170829395
5160-UXJED,No,0.010513226310544906
0458-HEUZG,No,0.005344965847593641
6457-GIRWB,Yes,0.9631996282663676
2348-KCJLT,No,0.010590379584315494
2514-GINMM,Yes,0.9691876624389492
0661-KBKPA,No,0.05772251395461072
9743-DQKQW,Yes,0.8340384352117296
2203-GHNWN,No,0.18093621774325824
5268-DSMNQ,No,0.0705839422560215
1635-FJFCC,Yes,0.7052188193552517
6599-SFQVE,Yes,0.5376139901739003
0318-ZOPWS,No,0.0011495671993336117
0303-WMMRN,No,0.13737341782687054
2720-WGKHP,Yes,0.9631774244355791
8879-XUAHX,No,0.022614597429254334
8008-ESFLK,No,0.11439911915699152
5906-CVLHP,No,0.05344304166577632
1998-VHJHK,No,0.002347364521222024
4072-IPYLT,No,0.14367879854934373
1114-CENIM,Yes,0.6807937130277879
1400-WIVLL,No,0.03176977381676822
4317-VTEOA,Yes,0.8156193761402742
5788-YPOEG,No,0.005130388987298049
6128-DAFVY,No,0.3259779148412956
7625-XCQRH,Yes,0.8627478752828931
4732-RRJZC,No,0.10978850624246306
4710-NKCAW,No,0.07587520860274151
6778-EICRF,No,0.020614949701653302
5188-HGMLP,No,0.10467189681966238
5997-OPVFA,No,0.0007817792569144402
1810-MVMAI,No,0.14887119143659303
3500-RMZLT,Yes,0.9143305097008211
8387-UGUSU,No,0.07360631466299827
2883-ILGWO,No,0.09048977177635789
9548-ZMVTX,No,0.0649455003018736
3644-QXEHN,No,0.44975592928488484
2525-GVKQU,No,0.04908761384584984
1852-XEMDW,No,0.029275914057183886
2697-NQBPF,No,0.22498237009746175
6437-UKHMV,Yes,0.8813322446054853
4712-UYOOI,No,0.081093244208442
0689-DSXGL,No,0.03512028114622088
0447-RXSGD,Yes,0.6894828700849163
2277-VWCNI,No,0.25633211822171104
0533-UCAAU,No,0.009406809266603018
7113-HIPFI,No,0.0014258174878815063
6652-YFFJO,No,0.36114213684504115
9297-FVVDH,No,0.01708332093527388
2873-ZLIWT,Yes,0.6142105553029481
7733-UDMTP,No,0.13807486005904643
7851-WZEKY,Yes,0.9644037787330613
1492-KGETH,No,0.01232014897891163
9134-CEQMF,Yes,0.6866701406091161
8246-SHFGA,No,0.32751814238130056
8059-UDZFY,No,0.4794341951654977
0650-BWOZN,Yes,0.5024511575809298
9786-YWNHU,No,0.0016745766170868969
5025-GOOKI,No,0.08160873420818826
2987-BJXIK,No,0.0024935023951384843
2858-EIMXH,No,0.4005692199094885
3778-FOAQW,No,0.0029759484108393716
2805-EDJPQ,No,0.019553377299754534
2359-QWQUL,Yes,0.5422084867411547
7668-XCFYV,Yes,0.5879109245218379
7718-RXDGG,Yes,0.526779664686706
3167-SNQPL,No,0.22401929548041108
4581-LNWUM,Yes,0.6219015285901819
9067-SQTNS,No,0.020764136414637948
6961-VCPMC,Yes,0.7121258879414267
1427-VERSM,No,0.14305127238037918
3754-DXMRT,Yes,0.759268938773691
7968-QUXNS,No,0.13737956674486176
9758-MFWGD,No,0.02361535739644231
1032-MAELW,No,0.012714114163572154
8819-IMISP,Yes,0.6646602081671751
1583-IHQZE,Yes,0.5095734848143616
4702-IOQDC,Yes,0.9465995263301897
3219-JQRSL,No,0.046120666077448275
4785-NKHCX,No,0.07415357442323268
5122-CYFXA,No,0.1849230496457205
7233-DRTRF,Yes,0.5836173595179058
9359-UGBTK,No,0.026174268996700487
0420-TXVSG,No,0.0030724070493894293
2958-NHPPS,No,0.1762555883908709
1045-LTCYT,No,0.20797946748140037
6848-HJTXY,No,0.0015355521896319245
6581-NQCBA,Yes,0.7460416344007992
5935-FCCNB,Yes,0.776439237543193
8329-IBCTI,Yes,0.6535175333738027
8809-XKHMD,No,0.009246846117468933
9094-AZPHK,Yes,0.7261632242990843
2054-PJOCK,No,0.02541642672099408
9103-TCIHJ,No,0.36575264312271744
6857-VWJDT,Yes,0.9796290737241191
7634-WSWDB,No,0.17513314254927198
9199-PWQVC,No,0.06436255121618123
8705-WZCYL,Yes,0.8222981923287135
0322-YINQP,No,0.25703625218032866
7246-ZGQDF,No,0.26890467419903197
7629-WFGLW,No,0.031136125141073185
8221-EQDGL,No,0.10600277502890007
0428-IKYCP,No,0.3174596217762709
5906-BFOZT,Yes,0.6636633036636326
3316-UWXUY,No,0.08914058942884098
3481-JHUZH,No,0.42655533291414244
0327-WFZSY,No,0.11473320131264098
9732-KPKBW,Yes,0.6698361701062399
3272-VUHPV,No,0.06737381598417554
3955-JBZZM,Yes,0.8580777929756267
8749-JMNKX,No,0.15650241582554708
2424-WVHPL,No,0.22994517447610582
8565-WUXZU,No,0.004795869652213573
2840-XANRC,Yes,0.5780129060375453
3646-ITDGM,No,0.045617817933164904
0320-DWVTU,No,0.0067411680996215025
3209-ZPKFI,No,0.10470808540731225
8901-UPRHR,No,0.1052262569395361
1867-BDVFH,Yes,0.5851448955576916
8261-GWDBQ,No,0.040231396689100515
3254-YRILK,Yes,0.7923864192634796
8267-KFGYD,No,0.36593897693079386
5423-BHIXO,No,0.29058193846180674
2466-NEJOJ,No,0.2239570071096135
0867-LDTTC,No,0.0606088251283842
9531-NSBMR,No,0.005929173195697933
0376-YMCJC,Yes,0.7028838058673156
2058-DCJBE,Yes,0.8037677059973695
8577-QSOCG,No,0.018662547215263437
9787-XVQIU,Yes,0.9504426627838712
9003-CPATH,No,0.43815650469024237
7136-RVDTZ,Yes,0.8621766287926641
0366-NQSHS,No,0.3167294822144913
8375-DKEBR,Yes,0.9521241824917868
6022-KOUQO,No,0.20345979476618692
0637-KVDLV,Yes,0.9298575614264538
5312-UXESG,Yes,0.5883267114993708
8695-WDYEA,No,0.3368525373868088
6122-LJADA,No,0.002753515843322984
7869-ZYDST,No,0.1808806432750939
8630-FJLIB,Yes,0.6087494769423988
6656-JWRQX,No,0.18242974026555067
7473-ZBDSN,No,0.00235325184720763
2234-EOFPT,No,0.0015629281692268089
9661-JALZV,No,0.0016979248971250602
0866-QLSIR,No,0.012555667530975034
2303-PJYHN,No,0.22985489273358195
9314-IJWSQ,Yes,0.5241708822280041
0123-CRBRT,No,0.0021797208684181317
6518-LGAOV,Yes,0.5700992063719685
5708-EVONK,No,0.40112488072083907
3234-VKACU,No,0.2603725767494594
2812-SFXMJ,No,0.48822643795389364
7666-WKRON,Yes,0.7459287731623391
3442-ZHHCC,No,0.2752149806790811
5480-XTFFL,No,0.0014003391350368205
1303-SRDOK,No,0.007480169353929906
4373-MAVJG,Yes,0.771779557915771
0727-BMPLR,No,0.48054191498982524
5129-JLPIS,Yes,0.7344654314113125
0238-WHBIQ,No,0.010809477536817488
9957-YODKZ,Yes,0.5110302470865187
7460-ITWWP,Yes,0.6540409997799748
7018-FPXHH,No,0.002031558236815068
8066-POXGX,Yes,0.8394462823344622
7892-POOKP,Yes,0.773366044519497
8887-IPQNC,No,0.24113190908190107
9129-UXERG,No,0.2000457836788955
2379-GYFLQ,No,0.06734954250044259
3027-YNWZU,No,0.0005347284537856985
5175-AOBHI,Yes,0.6185979381391239
4872-JCVCA,No,0.0010671829851391975
9184-GALIL,No,0.01817996343629949
7009-PCARS,No,0.14833381193174552
6230-BSUXY,Yes,0.9703929430382863
9093-FPDLG,Yes,0.602727044371045
1343-EHPYB,Yes,0.6698907445256227
8166-ZZTFS,Yes,0.6805957728882401
9809-IMGCQ,Yes,0.9035653570469306
8739-XNIKG,Yes,0.8280414932414952
5651-WYIPH,No,0.18476372555838885
5148-HKFIR,No,0.000978365306416233
7240-FQLHE,Yes,0.9197006028603473
6990-YNRIO,No,0.01688595095420023
2885-HIJDH,No,0.003351501465900579
8777-PVYGU,No,0.00555824824503672
8086-OVPWV,Yes,0.9396253948791055
8552-OBVRU,No,0.06362352164028622
4471-KXAUH,No,0.3872367674403669
5995-SNNEW,Yes,0.8179529751897692
4822-LPTYJ,No,0.1441409497179851
9178-JHUVJ,No,0.0010753483718560397
0909-SDHNU,No,0.16570384699297297
9644-KVCNC,No,0.22158193211218333
8199-ZLLSA,Yes,0.7432863038567401
3384-CTMSF,Yes,0.623464733137014
4128-ETESU,No,0.39467678066653733
2181-UAESM,No,0.34942127453165206
5197-YPYBZ,No,0.0028207817172228346
4029-HPFVY,Yes,0.5379647858334836
8755-IWJHN,No,0.15822857104183097
5960-WPXQM,Yes,0.9713034279167921
4544-RXFMG,No,0.08653926601211745
5052-PNLOS,Yes,0.9700745536267243
2091-MJTFX,No,0.10756671505154254
5832-TRLPB,No,0.06635289931470428
7205-BAIAD,No,0.0019129689349571817
4723-BEGSG,No,0.008419664796801426
7130-YXBRO,No,0.26334257236617736
6686-YPGHK,Yes,0.9168829733131508
1855-CFULU,No,0.19493201862790774
3892-NXAZG,No,0.012169136576333483
7853-WNZSY,Yes,0.522901922397534
0463-TXOAK,No,0.006360087556548067
7802-EFKNY,No,0.4907672256344629
6072-NUQCB,No,0.015136884373948443
1402-PTHGN,No,0.011788363925184835
1333-PBMXB,No,0.0011482355925757062
7407-SUJIZ,No,0.0195687146402004
0582-AVCLN,No,0.004266428546887403
8835-VSDSE,Yes,0.7270992049393985
9667-TKTVZ,No,0.3259416719419397
9210-IAHGH,Yes,0.5094871273439575
5543-QDCRY,Yes,0.504768290430434
4592-IWTJI,Yes,0.6770626291519736
1657-DYMBM,No,0.003437665397191744
4359-INNWN,No,0.009432330360935291
0562-KBDVM,No,0.0007929712546061886
0148-DCDOS,Yes,0.8179699921318664
2676-ISHSF,Yes,0.647509143590816
8885-QSQBX,No,0.15211939276436112
0516-QREYC,No,0.02405395934302342
1389-CXMLU,Yes,0.8909926240893381
4779-ZGICK,No,0.002144452809221936
8404-VIOMB,No,0.0008048503698294088
5828-AVIPD,Yes,0.8421178870271474
8280-MQRQN,Yes,0.9100667729803376
6976-BWGLQ,No,0.0001781795055698312
3675-YDUPJ,No,0.09296447745151139
2160-GPFXD,No,0.004863147176161669
4443-EMBNA,No,0.0004225425053398267
0064-YIJGF,No,0.489924338217113
7416-CKTEP,No,0.0008314603533306767
3468-DRVQJ,No,0.01931309333205645
9050-IKDZA,No,0.39718333741263717
3229-USWAR,No,0.023252076299604234
4976-LNFVV,No,0.22537590237697297
3884-HCSWG,Yes,0.6851672143228036
4999-IEZLT,No,0.017332447678938052
3814-MLAXC,Yes,0.5675765748587975
0019-GFNTW,No,0.0025740573441678533
3190-XFANI,No,0.15717163180392474
6584-VQMYT,No,0.0035850828660230548
2192-OZITF,No,0.003252674737557426
6158-HDPXZ,Yes,0.6270362380705929
0030-FNXPP,No,0.3727492671447872
3727-OWVYD,No,0.011970969050560807
6689-TCZHQ,Yes,0.8515809860161228
5243-SAOTC,No,0.3302207134627877
0956-SYCWG,No,0.018882538858530067
5150-ITWWB,Yes,0.953969126344782
1262-OPMFY,Yes,0.8488099488515998
5092-STPKP,No,0.23030507406259454
0701-TJSEF,No,0.011573880758834846
3957-HHLMR,No,0.004523284404042996
8309-PPCED,No,0.1319989779701024
7446-KQISO,No,0.2823523536438274
7325-ENZFI,No,0.004102096139843926
1810-BOHSY,No,0.3828901287301441
1000-AJSLD,Yes,0.7315982346793863
7016-BPGEU,Yes,0.7461620223015633
9092-GDZKO,No,0.06500887136230359
2860-RANUS,Yes,0.8296062387255644
5133-VRSAB,No,0.2658502662664218
7861-UVUFT,Yes,0.7485053218507387
7794-JASDG,No,0.3144588561902639
4194-FJARJ,No,0.008555919606259881
2892-GESUL,No,0.001168549498078235
2195-VVRJF,No,0.2282542064472544
9286-BHDQG,No,0.0034521520707369788
7951-QKZPL,No,0.21269123177783228
5605-IYGFG,Yes,0.6784233574538375
7191-ADRGF,No,0.023744421899533543
7571-YXDAD,Yes,0.9542268363194877
7824-PANSQ,No,0.08935378403087954
7218-HKQFK,Yes,0.912293886365816
3824-RHKVR,No,0.3234759092545474
4480-MBMLB,No,0.20769506435473928
6726-NNFWD,No,0.00792730624253427
9943-VSZUV,No,0.08826373647491685
1100-DDVRV,No,0.12536755528504126
8561-NMTBD,No,0.09855001136142882
3197-NNYNB,No,0.19504749620567388
6416-TVAIH,Yes,0.8989910351686773
5445-UTODQ,Yes,0.8540889962047197
0967-BMLBD,No,0.10692153610424926
0106-UGRDO,No,0.04223466597191508
8966-SNIZF,No,0.0026538548357889643
4139-DETXS,No,0.0005902974873883814
0122-OAHPZ,Yes,0.7133649715602168
4919-MOAVT,Yes,0.8024275521791325
9339-FIIJL,No,0.0013946239047598246
7562-GSUHK,Yes,0.76816199160409
2300-RQGOI,No,0.004504778854916928
1031-IIDEO,Yes,0.9547006491827874
6959-UWKHF,Yes,0.8238434870183197
1623-NLDOT,No,0.01528045419979055
3966-HRMZA,No,0.20954441359701964
6733-LRIZX,No,0.10397343245683399
0266-GMEAO,No,0.012632613658506557
3913-RDSJZ,No,0.001132020251430805
7359-PTSXY,Yes,0.8688335754686535
1202-KKGFU,No,0.10186452773390038
8337-UPOAQ,Yes,0.8977194793438261
5577-OTWWW,Yes,0.6428771790672017
5046-NUHWD,No,0.40835281166987586
2796-UUZZO,No,0.0695075416172116
8123-QBNAZ,No,0.29323325962663305
7271-AJDTL,No,0.42029875487851803
1452-UZOSF,No,0.008578392700220013
2041-JIJCI,No,0.2182088410425896
5839-SUYVZ,No,0.3553356963220762
3714-NTNFO,Yes,0.6776898630373215
7975-JMZNT,No,0.004487087950764354
3569-JFODW,No,0.016410157142973607
8722-NGNBH,Yes,0.6127420707146481
6365-HITVU,No,0.003941412467162675
1958-RNRKS,No,0.3352552062762686
7989-VCQOH,No,0.10498947989812042
6350-XFYGW,Yes,0.7444342879354685
5055-BRMNE,No,0.024582248115637514
3865-ZYKAD,No,0.07455453696842108
4884-LEVMQ,No,0.0007455053177751241
2806-MLNTI,No,0.34294352766668634
2519-FAKOD,No,0.46923202204180764
2798-NYLMZ,No,0.09946328992996747
0334-GDDSO,Yes,0.8610997404375819
1335-NTIUC,Yes,0.6366825387742986
9847-HNVGP,No,0.0017240802181156497
5886-VLQVU,No,0.09347011629595216
4827-DPADN,No,0.0018800159159861416
6048-NJXHX,No,0.006200317003675097
4006-HKYHO,No,0.0020995802552417906
5307-DZCVC,Yes,0.6578560744478508
0023-XUOPT,Yes,0.8750857213814451
2560-QTSBS,No,0.00025865850712686306
5343-SGUBI,No,0.02536906441432061
2603-HVKCG,No,0.46068087200242275
8224-KDLKN,No,0.00018455731750656015
8949-JTMAY,Yes,0.8384761601335717
7013-PSXHK,No,0.06779319989780692
6797-UCJHZ,No,0.2940175232226066
9223-UCPVT,Yes,0.9842474706913644
7841-TZDMQ,Yes,0.8786629072252403
0906-QVPMS,No,0.016323072100153248
0201-MIBOL,No,0.05837139881475703
2511-MORQY,No,0.008211734261799634
9420-LOJKX,Yes,0.8137213005259774
7627-JKIAZ,No,0.4907393598339584
3143-JQEGI,Yes,0.667510175971853
2480-EJWYP,No,0.2344327591510071
5908-QMGOE,Yes,0.6994477888613787
4685-TFLLS,No,0.04315166248377679
8639-NHQEI,No,0.008985496610335725
4673-KKSLS,No,0.10707207447046112
2675-IJRGJ,No,0.05492804219122605
8731-WBBMB,No,0.027012796473371938
9152-AMKAK,No,0.011263800309170263
6710-HSJRD,No,0.1707694377581607
4910-AQFFX,Yes,0.8710815549018042
7502-BNYGS,No,0.134695909953769
1221-GHZEP,No,0.005171636675642074
5473-KHBPS,No,0.05606414925530536
4550-EVXNY,Yes,0.9423658926076376
4801-JZAZL,No,0.15579814182114468
3963-RYFNS,No,0.03862681423570618
0674-DGMAQ,Yes,0.6751012909553561
7596-ZYWBB,No,0.0026544360659781644
1834-ABKHQ,No,0.01612919579962829
9079-LWTFD,No,0.028827064882734378
7449-HVPIV,No,0.3341868903353605
4729-XKASR,Yes,0.762798794404698
9689-PTNPG,Yes,0.9100930680849775
7601-GNDYK,No,0.0011007065084706813
1403-LKLIK,No,0.0025995014302145863
6967-QIQRV,Yes,0.7206086241655024
1971-DTCZB,No,0.0011251140527612498
8720-RQSBJ,Yes,0.6982084302190945
4580-TMHJU,Yes,0.7476386842323075
5424-RLQLC,No,0.12310380595560327
6621-YOBKI,No,0.24688309710819262
5414-OFQCB,No,0.07898765822242534
2979-SXESE,Yes,0.8739793360332349
4983-CLMLV,No,0.16652689211809243
4925-LMHOK,Yes,0.5474239016810238
7534-BFESC,Yes,0.8143228205809877
9574-RKJIF,Yes,0.5564845206290263
8543-MSDMF,No,0.08843875708064204
3934-HXCFZ,Yes,0.8838950472646827
9142-XMYJH,No,0.15231098859206652
9895-VFOXH,No,0.4347637049905711
6844-DZKRF,No,0.44020358768745704
6080-TCMYC,Yes,0.5339648463898481
1942-OQFRW,Yes,0.7905766319167387
0979-MOZQI,No,0.0017867183327950032
8512-WIWYV,No,0.01883285805206575
2729-VNVAP,No,0.0008489527126098449
8229-BUJHX,No,0.0008006549113164506
1494-EJZDW,No,0.0034455763795012994
4957-TIALW,No,0.011913514521163755
2716-GFZOR,No,0.16721047533678357
0259-GBZSH,Yes,0.9179086830790584
3387-VATUS,Yes,0.9789829746970218
5472-CVMDX,No,0.004147024849946466
4432-ADRLB,Yes,0.694738958086782
4827-LTQRJ,No,0.06633500128605384
7254-IQWOZ,Yes,0.9633298654075677
5371-VYLSX,No,0.2930946965806921
6833-JMZYP,Yes,0.7291567912325972
2360-RDGRO,No,0.2370732907532709
9090-SGQXL,Yes,0.5326557329543513
1293-BSEUN,No,0.0020589507168401904
4817-QRJSX,Yes,0.8509654846027052
6968-MHOMU,No,0.16509154191063205
7577-SWIFR,Yes,0.942385794887619
7858-GTZSP,Yes,0.8431749963081648
0813-TAXXS,No,0.03999810164354608
0404-SWRVG,Yes,0.8332008196878987
6227-HWPWX,Yes,0.71583316125085
6035-RIIOM,No,0.1114452723260811
0282-NVSJS,No,0.16746776445775757
9700-ZCLOT,No,0.43906460881275317
8082-GHXOP,No,0.11039901656508139
0599-XNYDO,No,0.48370319656897437
6115-ZTBFQ,No,0.0007416999619909659
4102-HLENU,No,0.003467437324631035
3797-FKOGQ,No,0.448947730272402
3577-AMVUX,Yes,0.6323914898973094
7408-OFWXJ,No,0.01186473289815662
3794-NFNCH,No,0.08207619129392364
0141-YEAYS,No,0.3450502434999593
6502-KUGLL,No,0.01989621608419421
1895-QTKDO,Yes,0.8281757254317994
2933-XEUJM,No,0.003024264302523319
1833-VGRUM,Yes,0.9268842997917155
7963-SHNDT,No,0.0008082973132699413
1963-SVUCV,Yes,0.8460633996180065
3647-GMGDH,Yes,0.7039273064862608
0929-PECLO,No,0.17887432875747455
5134-IKDAY,Yes,0.8957581103455482
9730-DRTMJ,No,0.014026157463627462
4130-MZLCC,No,0.3803162110525045
8097-VBQTZ,No,0.013959573439789024
1905-OEILC,Yes,0.6561888298044796
8784-CGILN,Yes,0.5865606157179387
0856-NAOES,No,0.13480105310717666
7551-DACSP,Yes,0.609225522466789
9441-QHEVC,Yes,0.5185592313030288
5206-HPJKM,No,0.3597851124340654
7903-CMPEY,Yes,0.8478779701211531
7363-QTBIW,Yes,0.7567406764860897
2925-VDZHY,No,0.009475862283438835
8182-PNAGI,Yes,0.5951630513894163
1839-FBNFR,No,0.0008119347299356026
6522-YRBXD,No,0.3352185195919715
5954-BDFSG,No,0.12067664957107514
2858-MOFSQ,No,0.025243363026949378
0229-LFJAF,No,0.0020582756471894345
7346-MEDWM,No,0.3723775788995141
0665-XHDJU,No,0.048661612910383255
7426-WEIJX,No,0.12034565000785362
6904-JLBGY,No,0.007045637415625277
7758-XKCBS,Yes,0.625824696910925
8819-WFGGJ,No,0.01015149769802887
8089-UZWLX,No,0.20492321140836037
7544-ZVIKX,No,0.10792462685749195
8761-NSOBC,Yes,0.7193923699488257
9866-OCCKE,No,0.010069694517713404
3283-WCWXT,No,0.0038958829352456364
6278-FEPBZ,No,0.2083834938775158
9800-OUIGR,No,0.00039768621455831357
1918-ZBFQJ,Yes,0.7577493298746957
8875-AKBYH,Yes,0.7372112772182496
3308-MHOOC,No,0.3137776850784323
2233-FAGXV,No,0.07125037105383393
3720-DBRWL,No,0.0017160386937034413
5301-GAUUY,Yes,0.6551321298981058
6481-OGDOO,Yes,0.5227177832272754
8612-GXIDD,No,0.005432676109311468
5022-KVDQT,Yes,0.6326435654664035
0575-CUQOV,No,0.18273491145579193
2937-FTHUR,No,0.09305596030652029
6168-WFVVF,Yes,0.8042785449801919
0761-AETCS,Yes,0.5743494775561119
9818-XQCUV,No,0.3814732927250664
5640-CAXOA,No,0.030079010748324878
5945-AZYHT,No,0.10038183664108118
6198-RTPMF,Yes,0.6860250027833676
0225-ZORZP,No,0.4163921282900219
6582-OIVSP,Yes,0.6794245269269542
7872-RDDLZ,No,0.058269500747816866
2040-OBMLJ,No,0.07687893390871879
2692-BUCFV,Yes,0.5688324922919225
2479-BRAMR,No,0.14215248800519495
6416-YJTTB,Yes,0.546199178251129
7217-JYHOQ,No,0.028799723083122307
3255-GRXMG,No,0.41488081705695795
5522-NYKPB,No,0.49709783293816
0749-IRGQE,No,0.26159388210912854
4806-KEXQR,Yes,0.9137110586007161
3689-MOZGR,No,0.3534696431901717
1813-JYWTO,No,0.0075565786826821465
1403-GYAFU,No,0.00035519756299129624
5696-CEIQJ,No,0.017098795973571102
7929-DMBCV,No,0.20438550910092645
5223-UZAVK,No,0.25678007953479065
6240-EURKS,Yes,0.5647420124691962
3716-UVSPD,No,0.4637828797693416
6656-GULJQ,No,0.004414385256400462
8402-EIVQS,No,0.1995437500991364
3164-AALRN,Yes,0.7371440620611139
0733-VUNUW,No,0.24484792373756695
1074-WVEVG,No,0.009304665261572271
0835-JKADZ,No,0.09396446221158711
9747-DDZOS,Yes,0.9732541058481662
7168-HDQHG,No,0.031412171786142445
9945-PSVIP,No,0.009477114160175494
7326-RIGQZ,No,0.4402545867636563
1357-BIJKI,No,0.28600352695982095
0137-UDEUO,No,0.37898895587894166
6691-CCIHA,No,0.004355654884916543
2672-HUYVI,Yes,0.8944833957537
1814-DKOLC,No,0.0677927770667466
0862-PRCBS,No,0.023742955278306367
4994-OBRSZ,No,0.0043524378437031245
6267-DCFFZ,Yes,0.6548805906888712
5982-FPVQN,No,0.1913980002551859
3655-SNQYZ,No,0.043690613501023386
9717-IOAAF,No,0.004367643455824395
5027-YOCXN,No,0.23954008238523525
0567-GGCAC,No,0.09308129125090134
8292-TYSPY,No,0.24248473022785597
6479-OAUSD,No,0.009434417313821815
2924-KHUVI,No,0.14626326052433855
6569-KTMDU,Yes,0.5185592313030288
2197-OMWGI,No,0.031376989739644694
4238-HFHSN,No,0.3152866756748124
2007-QVGAW,No,0.0002667396193193891
0040-HALCW,No,0.0012598197266977709
7767-UXAGJ,Yes,0.7111240152260554
1015-OWJKI,No,0.4689530799680972
3338-CVVEH,Yes,0.8033387594768276
6933-FHBZC,No,0.031556669498863266
4118-CEVPF,No,0.03446794578013921
5884-FBCTL,No,0.0001847192439666779
